acquisition	objective	run_id	time_per_iteration	implementation
ei	h6	0	0.0687129883406063	BoTorch
ei	h6	1	0.07252665765893956	BoTorch
ei	h6	2	0.06467025359161198	BoTorch
ei	h6	3	0.0658720823780944	BoTorch
ei	h6	4	0.06963717943678299	BoTorch
ei	h6	5	0.07431408466460804	BoTorch
ei	h6	6	0.07844465184025466	BoTorch
ei	h6	7	0.07214245380212864	BoTorch
ei	h6	8	0.06884159175679087	BoTorch
ei	h6	9	0.07861407284314434	BoTorch
ei	h6	10	0.08436365177234013	BoTorch
ei	h6	11	0.07053548266800741	BoTorch
ei	h6	12	0.07565779373981059	BoTorch
ei	h6	13	0.08295006646464269	BoTorch
ei	h6	14	0.09011758173195024	BoTorch
ei	h6	15	0.07565070251002907	BoTorch
ei	h6	16	0.07187236589379609	BoTorch
ei	h6	17	0.07152658170089125	BoTorch
ei	h6	18	0.07390479380264878	BoTorch
ei	h6	19	0.07405421690394481	BoTorch
ei	h6	20	0.06814754398850104	BoTorch
ei	h6	21	0.06835714237143596	BoTorch
ei	h6	22	0.07606887950872382	BoTorch
ei	h6	23	0.06680808363792796	BoTorch
ei	h6	24	0.05952610317617655	BoTorch
ei	h6	25	0.07407914327147107	BoTorch
ei	h6	26	0.07909831271196405	BoTorch
ei	h6	27	0.0692728663329035	BoTorch
ei	h6	28	0.0694232346334805	BoTorch
ei	h6	29	0.07148970550236602	BoTorch
ei	h6	30	0.07523066770906249	BoTorch
ei	h6	31	0.06663273776260516	BoTorch
ei	h6	32	0.073999084206298	BoTorch
ei	h6	33	0.09200543823341528	BoTorch
ei	h6	34	0.060413094439233345	BoTorch
ei	h6	35	0.06614251947030425	BoTorch
ei	h6	36	0.07004142310470343	BoTorch
ei	h6	37	0.07002068023818235	BoTorch
ei	h6	38	0.07883407290404042	BoTorch
ei	h6	39	0.07392926616594195	BoTorch
ei	h6	40	0.08209995140011112	BoTorch
ei	h6	41	0.07832453646697105	BoTorch
ei	h6	42	0.06537496840270857	BoTorch
ei	h6	43	0.07205468422422806	BoTorch
ei	h6	44	0.07753806544157366	BoTorch
ei	h6	45	0.08269976462858418	BoTorch
ei	h6	46	0.06872466813462476	BoTorch
ei	h6	47	0.0729422691743821	BoTorch
ei	h6	48	0.06721170571011802	BoTorch
ei	h6	49	0.06452167790072659	BoTorch
ei	h6	50	0.07299937373027206	BoTorch
ei	h6	51	0.07633219746251901	BoTorch
ei	h6	52	0.06035642285520832	BoTorch
ei	h6	53	0.06081250744561354	BoTorch
ei	h6	54	0.07051781284001966	BoTorch
ei	h6	55	0.06973191212552289	BoTorch
ei	h6	56	0.06061253786707918	BoTorch
ei	h6	57	0.07154474972436825	BoTorch
ei	h6	58	0.07256622505374252	BoTorch
ei	h6	59	0.06734613622538746	BoTorch
ei	h6	60	0.07591724476466576	BoTorch
ei	h6	61	0.07379418386456867	BoTorch
ei	h6	62	0.07288597476047774	BoTorch
ei	h6	63	0.07364231863369544	BoTorch
ei	h6	64	0.07108096174585322	BoTorch
ei	h6	65	0.07004659602728983	BoTorch
ei	h6	66	0.0593060215935111	BoTorch
ei	h6	67	0.06530245919711888	BoTorch
ei	h6	68	0.07356183350396653	BoTorch
ei	h6	69	0.08711668107037743	BoTorch
ei	h6	70	0.07295953626744449	BoTorch
ei	h6	71	0.07095824126154185	BoTorch
ei	h6	72	0.07501465560247501	BoTorch
ei	h6	73	0.06843102976369361	BoTorch
ei	h6	74	0.06610051460253695	BoTorch
ei	h6	75	0.06817526863887906	BoTorch
ei	h6	76	0.06097947697465619	BoTorch
ei	h6	77	0.0831479664426297	BoTorch
ei	h6	78	0.06314901496904592	BoTorch
ei	h6	79	0.06431073859954874	BoTorch
ei	h6	80	0.06452822436889012	BoTorch
ei	h6	81	0.0704398490022868	BoTorch
ei	h6	82	0.07076807742317517	BoTorch
ei	h6	83	0.08121218720140556	BoTorch
ei	h6	84	0.07088676335600515	BoTorch
ei	h6	85	0.0644590325653553	BoTorch
ei	h6	86	0.06580473443803687	BoTorch
ei	h6	87	0.06626619906164706	BoTorch
ei	h6	88	0.06545727403524021	BoTorch
ei	h6	89	0.08313733655959368	BoTorch
ei	h6	90	0.06971123446710407	BoTorch
ei	h6	91	0.0754286421307673	BoTorch
ei	h6	92	0.07407861948013306	BoTorch
ei	h6	93	0.07071411106735467	BoTorch
ei	h6	94	0.07194018876180053	BoTorch
ei	h6	95	0.07136019879641632	BoTorch
ei	h6	96	0.06312907760341963	BoTorch
ei	h6	97	0.0673423321917653	BoTorch
ei	h6	98	0.05651708223546545	BoTorch
ei	h6	99	0.0771001768608888	BoTorch
ei	gp	0	0.07325953252923985	BoTorch
ei	gp	1	0.07433183604540924	BoTorch
ei	gp	2	0.07080400146854421	BoTorch
ei	gp	3	0.075645771700268	BoTorch
ei	gp	4	0.07210971452295781	BoTorch
ei	gp	5	0.07201401797744135	BoTorch
ei	gp	6	0.06555992909707128	BoTorch
ei	gp	7	0.0699841113295406	BoTorch
ei	gp	8	0.07676384452109536	BoTorch
ei	gp	9	0.07803533069478968	BoTorch
ei	gp	10	0.07196374389653405	BoTorch
ei	gp	11	0.07256093576240043	BoTorch
ei	gp	12	0.07563888303314646	BoTorch
ei	gp	13	0.07090386749866108	BoTorch
ei	gp	14	0.07050009872764348	BoTorch
ei	gp	15	0.08064902432573338	BoTorch
ei	gp	16	0.07189241033047437	BoTorch
ei	gp	17	0.06789003686668972	BoTorch
ei	gp	18	0.08554506826524934	BoTorch
ei	gp	19	0.0754339105449617	BoTorch
ei	gp	20	0.07730621563581129	BoTorch
ei	gp	21	0.07233863797349234	BoTorch
ei	gp	22	0.07262415142419437	BoTorch
ei	gp	23	0.07418801186916729	BoTorch
ei	gp	24	0.07089718367593983	BoTorch
ei	gp	25	0.07911928603425622	BoTorch
ei	gp	26	0.07079797183784346	BoTorch
ei	gp	27	0.06966605647467077	BoTorch
ei	gp	28	0.07903788837914666	BoTorch
ei	gp	29	0.07398013160564006	BoTorch
ei	gp	30	0.07118017359947165	BoTorch
ei	gp	31	0.07023622208895783	BoTorch
ei	gp	32	0.07072624016242722	BoTorch
ei	gp	33	0.07530892024127146	BoTorch
ei	gp	34	0.07527587595395743	BoTorch
ei	gp	35	0.07915285411290825	BoTorch
ei	gp	36	0.07556568005432686	BoTorch
ei	gp	37	0.07337212134152651	BoTorch
ei	gp	38	0.07526095556095243	BoTorch
ei	gp	39	0.07143098294424514	BoTorch
ei	gp	40	0.08325886740349234	BoTorch
ei	gp	41	0.07085133756821355	BoTorch
ei	gp	42	0.07293267296627164	BoTorch
ei	gp	43	0.07309722136706114	BoTorch
ei	gp	44	0.06746137901209295	BoTorch
ei	gp	45	0.07446456473941604	BoTorch
ei	gp	46	0.0742618340998888	BoTorch
ei	gp	47	0.07595357620157302	BoTorch
ei	gp	48	0.06875564507208765	BoTorch
ei	gp	49	0.0817544512450695	BoTorch
ei	gp	50	0.08346912457297245	BoTorch
ei	gp	51	0.07589206232999762	BoTorch
ei	gp	52	0.07177123106084764	BoTorch
ei	gp	53	0.06761695280050238	BoTorch
ei	gp	54	0.07540257273552319	BoTorch
ei	gp	55	0.07088228423769276	BoTorch
ei	gp	56	0.07335942882734041	BoTorch
ei	gp	57	0.0806032037983338	BoTorch
ei	gp	58	0.07320192048015693	BoTorch
ei	gp	59	0.07883219178766013	BoTorch
ei	gp	60	0.07248564686936637	BoTorch
ei	gp	61	0.08047462366521359	BoTorch
ei	gp	62	0.0722032133800288	BoTorch
ei	gp	63	0.07220088996303578	BoTorch
ei	gp	64	0.07934238937062522	BoTorch
ei	gp	65	0.07017603052469591	BoTorch
ei	gp	66	0.07409378197044134	BoTorch
ei	gp	67	0.07241259519942105	BoTorch
ei	gp	68	0.08040857476492723	BoTorch
ei	gp	69	0.07506559553245704	BoTorch
ei	gp	70	0.08098984517467518	BoTorch
ei	gp	71	0.07085850092892845	BoTorch
ei	gp	72	0.0758157258387655	BoTorch
ei	gp	73	0.07459494443610311	BoTorch
ei	gp	74	0.0770381298692276	BoTorch
ei	gp	75	0.07496741729167601	BoTorch
ei	gp	76	0.08102764560220142	BoTorch
ei	gp	77	0.07667944133281708	BoTorch
ei	gp	78	0.07342257467098534	BoTorch
ei	gp	79	0.07111323541030287	BoTorch
ei	gp	80	0.07016361507897576	BoTorch
ei	gp	81	0.07419882561080157	BoTorch
ei	gp	82	0.08585690259933472	BoTorch
ei	gp	83	0.07420095809114476	BoTorch
ei	gp	84	0.06898248953123888	BoTorch
ei	gp	85	0.07840494940367838	BoTorch
ei	gp	86	0.06683707938839992	BoTorch
ei	gp	87	0.07567567542816202	BoTorch
ei	gp	88	0.07888681933594247	BoTorch
ei	gp	89	0.07146511441096663	BoTorch
ei	gp	90	0.07258042846806348	BoTorch
ei	gp	91	0.08255412463719645	BoTorch
ei	gp	92	0.0734764525666833	BoTorch
ei	gp	93	0.07642900447050731	BoTorch
ei	gp	94	0.07112694055152437	BoTorch
ei	gp	95	0.0693576256899784	BoTorch
ei	gp	96	0.0739323787856847	BoTorch
ei	gp	97	0.07482082510056595	BoTorch
ei	gp	98	0.06645414428785443	BoTorch
ei	gp	99	0.070489075469474	BoTorch
ei	ros	0	0.09969443276834984	BoTorch
ei	ros	1	0.0882642804334561	BoTorch
ei	ros	2	0.09700469356030225	BoTorch
ei	ros	3	0.09182253557567795	BoTorch
ei	ros	4	0.09011288844048977	BoTorch
ei	ros	5	0.09368443900408845	BoTorch
ei	ros	6	0.08863923499981562	BoTorch
ei	ros	7	0.09538290446313719	BoTorch
ei	ros	8	0.08989458087210854	BoTorch
ei	ros	9	0.09593488809963067	BoTorch
ei	ros	10	0.09315859464307626	BoTorch
ei	ros	11	0.09347480336825052	BoTorch
ei	ros	12	0.08936264635995031	BoTorch
ei	ros	13	0.09373560003004969	BoTorch
ei	ros	14	0.10030125106374423	BoTorch
ei	ros	15	0.09551159869879484	BoTorch
ei	ros	16	0.10024283582655093	BoTorch
ei	ros	17	0.09440423257959386	BoTorch
ei	ros	18	0.09064612430520355	BoTorch
ei	ros	19	0.09162717315678795	BoTorch
ei	ros	20	0.09400784370178977	BoTorch
ei	ros	21	0.08903730702586472	BoTorch
ei	ros	22	0.10049916960609456	BoTorch
ei	ros	23	0.09763997690752149	BoTorch
ei	ros	24	0.08633792512118817	BoTorch
ei	ros	25	0.09150820087331037	BoTorch
ei	ros	26	0.09766431657286982	BoTorch
ei	ros	27	0.09042194543095926	BoTorch
ei	ros	28	0.09825473154584567	BoTorch
ei	ros	29	0.0945507386388878	BoTorch
ei	ros	30	0.10389539059251547	BoTorch
ei	ros	31	0.09804818060559531	BoTorch
ei	ros	32	0.09505460389579336	BoTorch
ei	ros	33	0.0967477661712716	BoTorch
ei	ros	34	0.09834387926384806	BoTorch
ei	ros	35	0.09609098569490016	BoTorch
ei	ros	36	0.09488847243289153	BoTorch
ei	ros	37	0.0971721310634166	BoTorch
ei	ros	38	0.090043135608236	BoTorch
ei	ros	39	0.09230064333726963	BoTorch
ei	ros	40	0.08910444546490907	BoTorch
ei	ros	41	0.09549474601323406	BoTorch
ei	ros	42	0.09540366133054097	BoTorch
ei	ros	43	0.09449783383558194	BoTorch
ei	ros	44	0.0995545778889209	BoTorch
ei	ros	45	0.09399370316726466	BoTorch
ei	ros	46	0.09281811836796502	BoTorch
ei	ros	47	0.09883173227620622	BoTorch
ei	ros	48	0.09506657236876587	BoTorch
ei	ros	49	0.10096060400828719	BoTorch
ei	ros	50	0.09337222981266677	BoTorch
ei	ros	51	0.09262875304557383	BoTorch
ei	ros	52	0.09369048721467456	BoTorch
ei	ros	53	0.08801594811181228	BoTorch
ei	ros	54	0.09816533701183895	BoTorch
ei	ros	55	0.09424486869635681	BoTorch
ei	ros	56	0.09920465208900471	BoTorch
ei	ros	57	0.09623441176178554	BoTorch
ei	ros	58	0.09950733026489615	BoTorch
ei	ros	59	0.09840133766022821	BoTorch
ei	ros	60	0.09325403510592878	BoTorch
ei	ros	61	0.09198381765745581	BoTorch
ei	ros	62	0.08994156308472157	BoTorch
ei	ros	63	0.094968554796651	BoTorch
ei	ros	64	0.09783762074075639	BoTorch
ei	ros	65	0.0918436532219251	BoTorch
ei	ros	66	0.09852380435913802	BoTorch
ei	ros	67	0.09898452868995568	BoTorch
ei	ros	68	0.10010517863556742	BoTorch
ei	ros	69	0.09699582372171184	BoTorch
ei	ros	70	0.0979864641558379	BoTorch
ei	ros	71	0.09824128473798434	BoTorch
ei	ros	72	0.09700846035654347	BoTorch
ei	ros	73	0.10011109421029687	BoTorch
ei	ros	74	0.0969165306383123	BoTorch
ei	ros	75	0.10083095296286046	BoTorch
ei	ros	76	0.08970698950191339	BoTorch
ei	ros	77	0.09572409313792983	BoTorch
ei	ros	78	0.09534359549482664	BoTorch
ei	ros	79	0.09977491783599059	BoTorch
ei	ros	80	0.09280328173190355	BoTorch
ei	ros	81	0.09465388486472269	BoTorch
ei	ros	82	0.09520780538829664	BoTorch
ei	ros	83	0.09202804351225495	BoTorch
ei	ros	84	0.0881646890969326	BoTorch
ei	ros	85	0.0960570894026508	BoTorch
ei	ros	86	0.10991503880359232	BoTorch
ei	ros	87	0.09358835367796321	BoTorch
ei	ros	88	0.08868429893627763	BoTorch
ei	ros	89	0.09283679158737262	BoTorch
ei	ros	90	0.09790329950240752	BoTorch
ei	ros	91	0.09607057340132694	BoTorch
ei	ros	92	0.09488390479236841	BoTorch
ei	ros	93	0.09410203634761274	BoTorch
ei	ros	94	0.09875569604337216	BoTorch
ei	ros	95	0.10036373807427784	BoTorch
ei	ros	96	0.09946477833824853	BoTorch
ei	ros	97	0.09369500130414962	BoTorch
ei	ros	98	0.08975534063453476	BoTorch
ei	ros	99	0.09165900216127436	BoTorch
kg	h6	0	3.1644432089601953	BoTorch
kg	h6	1	3.340164791063095	BoTorch
kg	h6	2	2.952818122630318	BoTorch
kg	h6	3	3.1955740904280296	BoTorch
kg	h6	4	3.3703094670549034	BoTorch
kg	h6	5	4.03646585700723	BoTorch
kg	h6	6	3.209290629842629	BoTorch
kg	h6	7	3.7943623488303273	BoTorch
kg	h6	8	3.234768541545297	BoTorch
kg	h6	9	3.4691299734947583	BoTorch
kg	h6	10	3.600178614491597	BoTorch
kg	h6	11	4.398127182836955	BoTorch
kg	h6	12	3.2827448938352366	BoTorch
kg	h6	13	4.429592322340856	BoTorch
kg	h6	14	3.9687619518333426	BoTorch
kg	h6	15	3.545606667889903	BoTorch
kg	h6	16	4.014612491444374	BoTorch
kg	h6	17	3.4619148404337468	BoTorch
kg	h6	18	3.315977218033125	BoTorch
kg	h6	19	3.7246687585953624	BoTorch
kg	h6	20	3.30114034996368	BoTorch
kg	h6	21	3.38873129755569	BoTorch
kg	h6	22	3.400315058805669	BoTorch
kg	h6	23	3.710188597875337	BoTorch
kg	h6	24	3.976964426475267	BoTorch
kg	h6	25	3.651364164504533	BoTorch
kg	h6	26	3.872965377445022	BoTorch
kg	h6	27	3.168829076255982	BoTorch
kg	h6	28	3.4154858333989977	BoTorch
kg	h6	29	3.646266134905939	BoTorch
kg	h6	30	3.576925694787254	BoTorch
kg	h6	31	3.420959795312956	BoTorch
kg	h6	32	2.885405667467664	BoTorch
kg	h6	33	3.9359001426336664	BoTorch
kg	h6	34	4.2225967260388035	BoTorch
kg	h6	35	3.792961628331492	BoTorch
kg	h6	36	3.924038981134072	BoTorch
kg	h6	37	3.392649533227086	BoTorch
kg	h6	38	3.398364594268302	BoTorch
kg	h6	39	3.5158047659322618	BoTorch
kg	h6	40	2.710588096966967	BoTorch
kg	h6	41	3.1622290889266877	BoTorch
kg	h6	42	2.658180180207516	BoTorch
kg	h6	43	4.012774522602558	BoTorch
kg	h6	44	3.510145456933727	BoTorch
kg	h6	45	3.510824784465755	BoTorch
kg	h6	46	3.52900621194082	BoTorch
kg	h6	47	4.124224244430661	BoTorch
kg	h6	48	3.8021034402928007	BoTorch
kg	h6	49	3.147555230402698	BoTorch
kg	h6	50	3.8723275076597927	BoTorch
kg	h6	51	3.8685713433350126	BoTorch
kg	h6	52	3.2484493338658162	BoTorch
kg	h6	53	2.917369471428295	BoTorch
kg	h6	54	3.6180694696648668	BoTorch
kg	h6	55	3.0732609294354916	BoTorch
kg	h6	56	3.1012640854033333	BoTorch
kg	h6	57	3.368571680908402	BoTorch
kg	h6	58	3.6238520928348104	BoTorch
kg	h6	59	3.180462001093353	BoTorch
kg	h6	60	3.6049731837430348	BoTorch
kg	h6	61	3.7041639234405013	BoTorch
kg	h6	62	3.484777487069368	BoTorch
kg	h6	63	2.792773876323675	BoTorch
kg	h6	64	2.9363857583453257	BoTorch
kg	h6	65	3.1731244013334314	BoTorch
kg	h6	66	3.235182528073589	BoTorch
kg	h6	67	3.3790528228351224	BoTorch
kg	h6	68	3.3783190144381177	BoTorch
kg	h6	69	2.6543768869712947	BoTorch
kg	h6	70	2.9708196110402545	BoTorch
kg	h6	71	3.917417880768577	BoTorch
kg	h6	72	3.1410403865699967	BoTorch
kg	h6	73	2.948289022470514	BoTorch
kg	h6	74	3.1106858887399236	BoTorch
kg	h6	75	3.584518804261461	BoTorch
kg	h6	76	3.379006606542195	BoTorch
kg	h6	77	3.6897182340578487	BoTorch
kg	h6	78	3.8395326297109325	BoTorch
kg	h6	79	3.4033888993629566	BoTorch
kg	h6	80	3.440397690795362	BoTorch
kg	h6	81	3.075810946431011	BoTorch
kg	h6	82	3.1368531967358044	BoTorch
kg	h6	83	3.6524802770931273	BoTorch
kg	h6	84	3.360230387390281	BoTorch
kg	h6	85	2.839671751158312	BoTorch
kg	h6	86	3.303225680269922	BoTorch
kg	h6	87	2.923841856388996	BoTorch
kg	h6	88	3.5029217403382065	BoTorch
kg	h6	89	2.932869624532759	BoTorch
kg	h6	90	3.7434509072763222	BoTorch
kg	h6	91	3.340973769609506	BoTorch
kg	h6	92	3.2889677312535546	BoTorch
kg	h6	93	3.359022098267451	BoTorch
kg	h6	94	3.2123831716210893	BoTorch
kg	h6	95	3.212480199802667	BoTorch
kg	h6	96	3.103359982728337	BoTorch
kg	h6	97	2.9537725363702823	BoTorch
kg	h6	98	3.359564897728463	BoTorch
kg	h6	99	2.7858148558996616	BoTorch
kg	gp	0	1.646560059596474	BoTorch
kg	gp	1	1.6445692640574028	BoTorch
kg	gp	2	2.5055653283682964	BoTorch
kg	gp	3	1.7952256731999416	BoTorch
kg	gp	4	2.0240229385439306	BoTorch
kg	gp	5	2.2212416421001158	BoTorch
kg	gp	6	1.9854447902025034	BoTorch
kg	gp	7	1.9622066628653556	BoTorch
kg	gp	8	1.6378174068561444	BoTorch
kg	gp	9	2.07093881846716	BoTorch
kg	gp	10	1.7146130152046681	BoTorch
kg	gp	11	1.905711524762834	BoTorch
kg	gp	12	1.8836486446360747	BoTorch
kg	gp	13	2.050714880305653	BoTorch
kg	gp	14	1.7081597574210414	BoTorch
kg	gp	15	1.927074327506125	BoTorch
kg	gp	16	2.4845674183995774	BoTorch
kg	gp	17	1.9261647634984305	BoTorch
kg	gp	18	2.059939114268248	BoTorch
kg	gp	19	1.7821671783458441	BoTorch
kg	gp	20	1.9220609828053663	BoTorch
kg	gp	21	2.4725410380400716	BoTorch
kg	gp	22	3.4149958642044416	BoTorch
kg	gp	23	1.7948196881295493	BoTorch
kg	gp	24	1.606911309575662	BoTorch
kg	gp	25	1.5204904339431475	BoTorch
kg	gp	26	2.140208369664227	BoTorch
kg	gp	27	2.6012000735383483	BoTorch
kg	gp	28	2.1972972657686722	BoTorch
kg	gp	29	2.3887580583958576	BoTorch
kg	gp	30	2.0691912894602864	BoTorch
kg	gp	31	2.2333696369081735	BoTorch
kg	gp	32	1.4804373424345008	BoTorch
kg	gp	33	1.8868010124657304	BoTorch
kg	gp	34	1.8799408640402058	BoTorch
kg	gp	35	1.6430790187014888	BoTorch
kg	gp	36	1.8672338337947925	BoTorch
kg	gp	37	1.63680892198657	BoTorch
kg	gp	38	1.9185422462256005	BoTorch
kg	gp	39	1.829727718932554	BoTorch
kg	gp	40	2.171718507943054	BoTorch
kg	gp	41	2.2169737390708177	BoTorch
kg	gp	42	1.709457329334691	BoTorch
kg	gp	43	2.011781505231435	BoTorch
kg	gp	44	2.0880753668335577	BoTorch
kg	gp	45	1.6472905738124004	BoTorch
kg	gp	46	1.62828864857244	BoTorch
kg	gp	47	2.179602050036192	BoTorch
kg	gp	48	1.9150716978280495	BoTorch
kg	gp	49	1.992733203076447	BoTorch
kg	gp	50	2.712241424061358	BoTorch
kg	gp	51	1.7255218651611357	BoTorch
kg	gp	52	2.063967298762873	BoTorch
kg	gp	53	1.5704494661651551	BoTorch
kg	gp	54	2.3594041207650056	BoTorch
kg	gp	55	1.6012745615560562	BoTorch
kg	gp	56	1.735092816905429	BoTorch
kg	gp	57	2.174146386499827	BoTorch
kg	gp	58	2.3561020294980457	BoTorch
kg	gp	59	1.4393985925707966	BoTorch
kg	gp	60	1.9283041812634716	BoTorch
kg	gp	61	2.07195282309937	BoTorch
kg	gp	62	1.7171749611074725	BoTorch
kg	gp	63	1.692914073339974	BoTorch
kg	gp	64	2.4829777283594012	BoTorch
kg	gp	65	1.9100895628953973	BoTorch
kg	gp	66	1.881357552561288	BoTorch
kg	gp	67	1.8067838166374712	BoTorch
kg	gp	68	1.9872532161728789	BoTorch
kg	gp	69	1.8800966520017635	BoTorch
kg	gp	70	2.066573931478585	BoTorch
kg	gp	71	1.570808219909668	BoTorch
kg	gp	72	2.1906812289108832	BoTorch
kg	gp	73	1.886216261672477	BoTorch
kg	gp	74	1.722045464068651	BoTorch
kg	gp	75	1.8261552650636683	BoTorch
kg	gp	76	2.270733999600634	BoTorch
kg	gp	77	1.9174918426355967	BoTorch
kg	gp	78	1.8204089105439683	BoTorch
kg	gp	79	1.7233380446365725	BoTorch
kg	gp	80	2.122808347409591	BoTorch
kg	gp	81	2.4382825730989377	BoTorch
kg	gp	82	2.0726753684381642	BoTorch
kg	gp	83	2.215176813630387	BoTorch
kg	gp	84	1.803438207258781	BoTorch
kg	gp	85	1.9393813557301958	BoTorch
kg	gp	86	2.671908222511411	BoTorch
kg	gp	87	1.776017197035253	BoTorch
kg	gp	88	2.097160460660234	BoTorch
kg	gp	89	2.1112203584363063	BoTorch
kg	gp	90	1.5776907362043857	BoTorch
kg	gp	91	1.7043718967741976	BoTorch
kg	gp	92	2.258959650838127	BoTorch
kg	gp	93	2.4437073015763113	BoTorch
kg	gp	94	2.114417764591053	BoTorch
kg	gp	95	2.086801806340615	BoTorch
kg	gp	96	1.8860216349673768	BoTorch
kg	gp	97	2.4182551729648063	BoTorch
kg	gp	98	2.8645177575293927	BoTorch
kg	gp	99	1.9495629228030642	BoTorch
kg	ros	0	3.5755266691713286	BoTorch
kg	ros	1	2.9240951241614916	BoTorch
kg	ros	2	3.097357357246801	BoTorch
kg	ros	3	3.407445879466832	BoTorch
kg	ros	4	3.5901476112660022	BoTorch
kg	ros	5	3.154683771946778	BoTorch
kg	ros	6	3.250323096336797	BoTorch
kg	ros	7	3.2222265020323295	BoTorch
kg	ros	8	3.4096312900384267	BoTorch
kg	ros	9	2.803259783765922	BoTorch
kg	ros	10	2.8916378100557876	BoTorch
kg	ros	11	2.9626094352609167	BoTorch
kg	ros	12	3.0398460354345542	BoTorch
kg	ros	13	2.3919258331569533	BoTorch
kg	ros	14	3.4171258138337484	BoTorch
kg	ros	15	3.5423057919057706	BoTorch
kg	ros	16	2.857999717304483	BoTorch
kg	ros	17	3.3156459189330536	BoTorch
kg	ros	18	2.8856388978039225	BoTorch
kg	ros	19	3.1547793636564165	BoTorch
kg	ros	20	2.858405420665319	BoTorch
kg	ros	21	3.1919878150026	BoTorch
kg	ros	22	3.3787446714627247	BoTorch
kg	ros	23	3.0969871193015326	BoTorch
kg	ros	24	3.420540703398486	BoTorch
kg	ros	25	3.5746289199683816	BoTorch
kg	ros	26	3.0824692186744262	BoTorch
kg	ros	27	3.2940659377723933	BoTorch
kg	ros	28	2.8736815904732795	BoTorch
kg	ros	29	3.4707894512607407	BoTorch
kg	ros	30	3.031385965210696	BoTorch
kg	ros	31	3.6213643765697876	BoTorch
kg	ros	32	3.556910197964559	BoTorch
kg	ros	33	2.9950810528670746	BoTorch
kg	ros	34	3.433377331091712	BoTorch
kg	ros	35	2.9899985862274963	BoTorch
kg	ros	36	3.567273813330879	BoTorch
kg	ros	37	3.589450169246023	BoTorch
kg	ros	38	3.398631483425076	BoTorch
kg	ros	39	3.2387898606403422	BoTorch
kg	ros	40	3.239111030443261	BoTorch
kg	ros	41	3.143515296264862	BoTorch
kg	ros	42	3.515995833091438	BoTorch
kg	ros	43	3.019911258791884	BoTorch
kg	ros	44	2.5232882641255854	BoTorch
kg	ros	45	3.6129946041386574	BoTorch
kg	ros	46	2.6445598750996093	BoTorch
kg	ros	47	3.448626747044424	BoTorch
kg	ros	48	3.4488190084385377	BoTorch
kg	ros	49	2.902597944500546	BoTorch
kg	ros	50	2.5717246283311397	BoTorch
kg	ros	51	3.2925566792643317	BoTorch
kg	ros	52	3.305025857997437	BoTorch
kg	ros	53	3.0604033563130844	BoTorch
kg	ros	54	3.159745272124807	BoTorch
kg	ros	55	3.4356949070313325	BoTorch
kg	ros	56	3.7103375111396115	BoTorch
kg	ros	57	2.9371689608320595	BoTorch
kg	ros	58	3.184413416078314	BoTorch
kg	ros	59	3.305816028298189	BoTorch
kg	ros	60	3.7188813257031144	BoTorch
kg	ros	61	2.5512557917274536	BoTorch
kg	ros	62	3.487806096098696	BoTorch
kg	ros	63	2.9296840914369873	BoTorch
kg	ros	64	3.4334608659303436	BoTorch
kg	ros	65	3.5098465035979944	BoTorch
kg	ros	66	2.88858621159258	BoTorch
kg	ros	67	3.208184118103236	BoTorch
kg	ros	68	3.169917927511657	BoTorch
kg	ros	69	3.381432476003344	BoTorch
kg	ros	70	3.2929078156283746	BoTorch
kg	ros	71	3.4253991982899605	BoTorch
kg	ros	72	2.6841587909962983	BoTorch
kg	ros	73	3.526190502398337	BoTorch
kg	ros	74	3.382103348104283	BoTorch
kg	ros	75	3.311008527580028	BoTorch
kg	ros	76	3.6793226942420008	BoTorch
kg	ros	77	2.9956711628319073	BoTorch
kg	ros	78	3.426066794836273	BoTorch
kg	ros	79	3.0971865533851086	BoTorch
kg	ros	80	3.1329461845414093	BoTorch
kg	ros	81	2.713179965208595	BoTorch
kg	ros	82	3.2658234449879577	BoTorch
kg	ros	83	3.571970718804126	BoTorch
kg	ros	84	3.4429573505806426	BoTorch
kg	ros	85	2.9377470743687204	BoTorch
kg	ros	86	3.3620223308447748	BoTorch
kg	ros	87	2.9846540867971876	BoTorch
kg	ros	88	3.147133039822802	BoTorch
kg	ros	89	2.8851729632976153	BoTorch
kg	ros	90	3.790402091977497	BoTorch
kg	ros	91	3.0139049689595896	BoTorch
kg	ros	92	3.182909244329979	BoTorch
kg	ros	93	2.9029668275266887	BoTorch
kg	ros	94	3.2096863226344188	BoTorch
kg	ros	95	3.1847489941554765	BoTorch
kg	ros	96	3.147215492123117	BoTorch
kg	ros	97	3.630083762823294	BoTorch
kg	ros	98	2.869081980890284	BoTorch
kg	ros	99	2.89162473808974	BoTorch
lpi	h6	0	0.13282846001287302	BoTorch
lpi	h6	1	0.11629809672012925	BoTorch
lpi	h6	2	0.13997536742438874	BoTorch
lpi	h6	3	0.12961787947764	BoTorch
lpi	h6	4	0.13592459860568246	BoTorch
lpi	h6	5	0.09902658943707744	BoTorch
lpi	h6	6	0.12793782412384946	BoTorch
lpi	h6	7	0.10358400559052824	BoTorch
lpi	h6	8	0.11788453217595815	BoTorch
lpi	h6	9	0.12553403846298655	BoTorch
lpi	h6	10	0.11438732771202922	BoTorch
lpi	h6	11	0.09169832045833269	BoTorch
lpi	h6	12	0.11018798087413112	BoTorch
lpi	h6	13	0.10879691472897927	BoTorch
lpi	h6	14	0.11755738633995255	BoTorch
lpi	h6	15	0.13495545769110323	BoTorch
lpi	h6	16	0.12740505853046974	BoTorch
lpi	h6	17	0.1281513614890476	BoTorch
lpi	h6	18	0.10511840224886934	BoTorch
lpi	h6	19	0.10187341794371604	BoTorch
lpi	h6	20	0.122818320710212	BoTorch
lpi	h6	21	0.11846268071482578	BoTorch
lpi	h6	22	0.11358119398355485	BoTorch
lpi	h6	23	0.10295870723202824	BoTorch
lpi	h6	24	0.1131213194069763	BoTorch
lpi	h6	25	0.12036341124524673	BoTorch
lpi	h6	26	0.1058218856031696	BoTorch
lpi	h6	27	0.11847487495591243	BoTorch
lpi	h6	28	0.11600403003394603	BoTorch
lpi	h6	29	0.13253553869823614	BoTorch
lpi	h6	30	0.10228381464257837	BoTorch
lpi	h6	31	0.10147801615918677	BoTorch
lpi	h6	32	0.1250423348819216	BoTorch
lpi	h6	33	0.11531447305654487	BoTorch
lpi	h6	34	0.11329899796595176	BoTorch
lpi	h6	35	0.12659797264883915	BoTorch
lpi	h6	36	0.11909685116261244	BoTorch
lpi	h6	37	0.11036723777651787	BoTorch
lpi	h6	38	0.09762224884082873	BoTorch
lpi	h6	39	0.09285072026153406	BoTorch
lpi	h6	40	0.10878050435955326	BoTorch
lpi	h6	41	0.11364809262255827	BoTorch
lpi	h6	42	0.10035141802703341	BoTorch
lpi	h6	43	0.12943274655068915	BoTorch
lpi	h6	44	0.11189923894902071	BoTorch
lpi	h6	45	0.12391508491709828	BoTorch
lpi	h6	46	0.10919040286292632	BoTorch
lpi	h6	47	0.14455235777422787	BoTorch
lpi	h6	48	0.10838727230827014	BoTorch
lpi	h6	49	0.11934689925983548	BoTorch
lpi	h6	50	0.11850932299469909	BoTorch
lpi	h6	51	0.105894820826749	BoTorch
lpi	h6	52	0.11815609835709134	BoTorch
lpi	h6	53	0.1276255264878273	BoTorch
lpi	h6	54	0.12589002180223663	BoTorch
lpi	h6	55	0.12405578015993039	BoTorch
lpi	h6	56	0.10824528966719905	BoTorch
lpi	h6	57	0.11012226718788345	BoTorch
lpi	h6	58	0.10770692511772116	BoTorch
lpi	h6	59	0.1096819504785041	BoTorch
lpi	h6	60	0.10803309322024385	BoTorch
lpi	h6	61	0.1099282038398087	BoTorch
lpi	h6	62	0.1092138974616925	BoTorch
lpi	h6	63	0.11015453388293585	BoTorch
lpi	h6	64	0.12368824972460667	BoTorch
lpi	h6	65	0.10656599560752511	BoTorch
lpi	h6	66	0.09980634876216452	BoTorch
lpi	h6	67	0.12217997598151366	BoTorch
lpi	h6	68	0.10442385636270046	BoTorch
lpi	h6	69	0.12097008054455122	BoTorch
lpi	h6	70	0.12412343077982466	BoTorch
lpi	h6	71	0.1102964257200559	BoTorch
lpi	h6	72	0.12359635022779306	BoTorch
lpi	h6	73	0.1163396593183279	BoTorch
lpi	h6	74	0.09898954794431726	BoTorch
lpi	h6	75	0.11698609624678889	BoTorch
lpi	h6	76	0.09183483455951015	BoTorch
lpi	h6	77	0.10645521103094022	BoTorch
lpi	h6	78	0.1045847985583047	BoTorch
lpi	h6	79	0.12672040906424323	BoTorch
lpi	h6	80	0.1095809786270062	BoTorch
lpi	h6	81	0.10898125615591804	BoTorch
lpi	h6	82	0.10867820785691341	BoTorch
lpi	h6	83	0.1224621510754029	BoTorch
lpi	h6	84	0.10687015202517311	BoTorch
lpi	h6	85	0.1013491613479952	BoTorch
lpi	h6	86	0.10985943116247654	BoTorch
lpi	h6	87	0.11203820214917262	BoTorch
lpi	h6	88	0.1265765686519444	BoTorch
lpi	h6	89	0.11700117963676651	BoTorch
lpi	h6	90	0.10429340442642569	BoTorch
lpi	h6	91	0.11636184320474664	BoTorch
lpi	h6	92	0.1384916964918375	BoTorch
lpi	h6	93	0.13363532473643622	BoTorch
lpi	h6	94	0.1296430339726309	BoTorch
lpi	h6	95	0.1334706343089541	BoTorch
lpi	h6	96	0.11110106715932488	BoTorch
lpi	h6	97	0.13991026372338336	BoTorch
lpi	h6	98	0.10232219708462556	BoTorch
lpi	h6	99	0.11446091479932269	BoTorch
lpi	gp	0	0.08325227436920007	BoTorch
lpi	gp	1	0.09211297985166311	BoTorch
lpi	gp	2	0.08235268834978342	BoTorch
lpi	gp	3	0.09069835627451539	BoTorch
lpi	gp	4	0.08220032496998707	BoTorch
lpi	gp	5	0.08968414909516771	BoTorch
lpi	gp	6	0.08342071526373426	BoTorch
lpi	gp	7	0.08921262032041948	BoTorch
lpi	gp	8	0.08981070617834727	BoTorch
lpi	gp	9	0.09298376096412539	BoTorch
lpi	gp	10	0.09042451092973351	BoTorch
lpi	gp	11	0.08859209213405847	BoTorch
lpi	gp	12	0.08530991030856967	BoTorch
lpi	gp	13	0.08733033488194147	BoTorch
lpi	gp	14	0.08957629318659505	BoTorch
lpi	gp	15	0.08546775858849287	BoTorch
lpi	gp	16	0.08653769452745716	BoTorch
lpi	gp	17	0.08940539623921116	BoTorch
lpi	gp	18	0.0962431046490868	BoTorch
lpi	gp	19	0.08766979606201251	BoTorch
lpi	gp	20	0.09261694985131423	BoTorch
lpi	gp	21	0.08847194186722239	BoTorch
lpi	gp	22	0.08215848539645473	BoTorch
lpi	gp	23	0.09013042555501063	BoTorch
lpi	gp	24	0.0844815647850434	BoTorch
lpi	gp	25	0.09146527176102003	BoTorch
lpi	gp	26	0.08906755996868014	BoTorch
lpi	gp	27	0.08951478165884813	BoTorch
lpi	gp	28	0.0881139773565034	BoTorch
lpi	gp	29	0.08489737417548895	BoTorch
lpi	gp	30	0.09199605385462443	BoTorch
lpi	gp	31	0.08452512711907427	BoTorch
lpi	gp	32	0.08950964364533623	BoTorch
lpi	gp	33	0.08583595721671979	BoTorch
lpi	gp	34	0.0855549088989695	BoTorch
lpi	gp	35	0.08270791511361798	BoTorch
lpi	gp	36	0.08207631014908354	BoTorch
lpi	gp	37	0.0889060124134024	BoTorch
lpi	gp	38	0.09034635849917928	BoTorch
lpi	gp	39	0.08839418990537525	BoTorch
lpi	gp	40	0.08739677021900813	BoTorch
lpi	gp	41	0.0880262124662598	BoTorch
lpi	gp	42	0.0856164390531679	BoTorch
lpi	gp	43	0.09507233658805489	BoTorch
lpi	gp	44	0.08798666366686424	BoTorch
lpi	gp	45	0.08555072074135145	BoTorch
lpi	gp	46	0.08979170002664129	BoTorch
lpi	gp	47	0.08678133816768725	BoTorch
lpi	gp	48	0.08620445147777597	BoTorch
lpi	gp	49	0.09639125199367603	BoTorch
lpi	gp	50	0.10169557174667716	BoTorch
lpi	gp	51	0.0895001475699246	BoTorch
lpi	gp	52	0.08897853329156837	BoTorch
lpi	gp	53	0.09342349100237092	BoTorch
lpi	gp	54	0.08433548472821713	BoTorch
lpi	gp	55	0.08964409045875073	BoTorch
lpi	gp	56	0.09238637583330274	BoTorch
lpi	gp	57	0.0896856786372761	BoTorch
lpi	gp	58	0.08981265472248197	BoTorch
lpi	gp	59	0.08702640418584148	BoTorch
lpi	gp	60	0.085054286600401	BoTorch
lpi	gp	61	0.09539153454825282	BoTorch
lpi	gp	62	0.08662577131763101	BoTorch
lpi	gp	63	0.08513338416814804	BoTorch
lpi	gp	64	0.09560476929570237	BoTorch
lpi	gp	65	0.08903193625931939	BoTorch
lpi	gp	66	0.0902746315424641	BoTorch
lpi	gp	67	0.09005442432438333	BoTorch
lpi	gp	68	0.09087769935528438	BoTorch
lpi	gp	69	0.08320252411067486	BoTorch
lpi	gp	70	0.08599925776943565	BoTorch
lpi	gp	71	0.09154754945387443	BoTorch
lpi	gp	72	0.08969139860322078	BoTorch
lpi	gp	73	0.08815752106408278	BoTorch
lpi	gp	74	0.09508769468714794	BoTorch
lpi	gp	75	0.08600604397555192	BoTorch
lpi	gp	76	0.0893006715302666	BoTorch
lpi	gp	77	0.08179117844750484	BoTorch
lpi	gp	78	0.08785403044894338	BoTorch
lpi	gp	79	0.08883379651233554	BoTorch
lpi	gp	80	0.0846376344251136	BoTorch
lpi	gp	81	0.08742263245706756	BoTorch
lpi	gp	82	0.09456621076290807	BoTorch
lpi	gp	83	0.09068933045491576	BoTorch
lpi	gp	84	0.08708444933096568	BoTorch
lpi	gp	85	0.09032484507188202	BoTorch
lpi	gp	86	0.09070639961088697	BoTorch
lpi	gp	87	0.08636673238749305	BoTorch
lpi	gp	88	0.08957154632856448	BoTorch
lpi	gp	89	0.08505139282594125	BoTorch
lpi	gp	90	0.08458100479717055	BoTorch
lpi	gp	91	0.08480097688734531	BoTorch
lpi	gp	92	0.08869884920616945	BoTorch
lpi	gp	93	0.08415217235063513	BoTorch
lpi	gp	94	0.08566027845566472	BoTorch
lpi	gp	95	0.0911879808952411	BoTorch
lpi	gp	96	0.08915373248358567	BoTorch
lpi	gp	97	0.09116019106780489	BoTorch
lpi	gp	98	0.0875757897272706	BoTorch
lpi	gp	99	0.08477759870390097	BoTorch
lpi	ros	0	0.09414331950247287	BoTorch
lpi	ros	1	0.1068421526812017	BoTorch
lpi	ros	2	0.10512345411504308	BoTorch
lpi	ros	3	0.10237241527065635	BoTorch
lpi	ros	4	0.10301621919497847	BoTorch
lpi	ros	5	0.10047153110305468	BoTorch
lpi	ros	6	0.10304104080423712	BoTorch
lpi	ros	7	0.09414660902693868	BoTorch
lpi	ros	8	0.10782066630199552	BoTorch
lpi	ros	9	0.09704971328998606	BoTorch
lpi	ros	10	0.09860732986902197	BoTorch
lpi	ros	11	0.10950432081396382	BoTorch
lpi	ros	12	0.1083171866213282	BoTorch
lpi	ros	13	0.10176228648051619	BoTorch
lpi	ros	14	0.10135319347803791	BoTorch
lpi	ros	15	0.10417561943953237	BoTorch
lpi	ros	16	0.10102396635338665	BoTorch
lpi	ros	17	0.10310221714898944	BoTorch
lpi	ros	18	0.10884118483712275	BoTorch
lpi	ros	19	0.09748271992430091	BoTorch
lpi	ros	20	0.10254010185599327	BoTorch
lpi	ros	21	0.10761271389201284	BoTorch
lpi	ros	22	0.10303474115207792	BoTorch
lpi	ros	23	0.0964637402445078	BoTorch
lpi	ros	24	0.09934079606706897	BoTorch
lpi	ros	25	0.10025242039312919	BoTorch
lpi	ros	26	0.1064584539582332	BoTorch
lpi	ros	27	0.10195904566595952	BoTorch
lpi	ros	28	0.0982409331947565	BoTorch
lpi	ros	29	0.11082016086826722	BoTorch
lpi	ros	30	0.10878624996791283	BoTorch
lpi	ros	31	0.11325255349899331	BoTorch
lpi	ros	32	0.10122387536490957	BoTorch
lpi	ros	33	0.10320620614414414	BoTorch
lpi	ros	34	0.10341192129999399	BoTorch
lpi	ros	35	0.09534226149941484	BoTorch
lpi	ros	36	0.1002119357076784	BoTorch
lpi	ros	37	0.10945784843837221	BoTorch
lpi	ros	38	0.10230628720795115	BoTorch
lpi	ros	39	0.09012552040318648	BoTorch
lpi	ros	40	0.09868890686581532	BoTorch
lpi	ros	41	0.09409010972206791	BoTorch
lpi	ros	42	0.09858999066054822	BoTorch
lpi	ros	43	0.10511889578774572	BoTorch
lpi	ros	44	0.10342307264606158	BoTorch
lpi	ros	45	0.10294121202702324	BoTorch
lpi	ros	46	0.10242213526119788	BoTorch
lpi	ros	47	0.10548249188189705	BoTorch
lpi	ros	48	0.10562923075631261	BoTorch
lpi	ros	49	0.09569395196934541	BoTorch
lpi	ros	50	0.09954303313667576	BoTorch
lpi	ros	51	0.10318386623015006	BoTorch
lpi	ros	52	0.10273640708376965	BoTorch
lpi	ros	53	0.10266845620547732	BoTorch
lpi	ros	54	0.10356140962491432	BoTorch
lpi	ros	55	0.10061214721451203	BoTorch
lpi	ros	56	0.1038886299667259	BoTorch
lpi	ros	57	0.10711091822013259	BoTorch
lpi	ros	58	0.09930119368558128	BoTorch
lpi	ros	59	0.1050435859709978	BoTorch
lpi	ros	60	0.0977528054577609	BoTorch
lpi	ros	61	0.10913725594679514	BoTorch
lpi	ros	62	0.09930188280219833	BoTorch
lpi	ros	63	0.10369373786573609	BoTorch
lpi	ros	64	0.09816895242159565	BoTorch
lpi	ros	65	0.09897468571240703	BoTorch
lpi	ros	66	0.10270362362886469	BoTorch
lpi	ros	67	0.10444682246694963	BoTorch
lpi	ros	68	0.10317486139635244	BoTorch
lpi	ros	69	0.10177256710206468	BoTorch
lpi	ros	70	0.10991268747796615	BoTorch
lpi	ros	71	0.09950585663318634	BoTorch
lpi	ros	72	0.10447205379605293	BoTorch
lpi	ros	73	0.10004358794540166	BoTorch
lpi	ros	74	0.10611644120266041	BoTorch
lpi	ros	75	0.09948361221080025	BoTorch
lpi	ros	76	0.10933700672661265	BoTorch
lpi	ros	77	0.10883467098077139	BoTorch
lpi	ros	78	0.10394407929852605	BoTorch
lpi	ros	79	0.1113687175946931	BoTorch
lpi	ros	80	0.10495667081947128	BoTorch
lpi	ros	81	0.10535160231714448	BoTorch
lpi	ros	82	0.10534409436707695	BoTorch
lpi	ros	83	0.10460135790829857	BoTorch
lpi	ros	84	0.10632586494709055	BoTorch
lpi	ros	85	0.09939643628895282	BoTorch
lpi	ros	86	0.1040243851331373	BoTorch
lpi	ros	87	0.1079163860840102	BoTorch
lpi	ros	88	0.10183065878227353	BoTorch
lpi	ros	89	0.09905667708565792	BoTorch
lpi	ros	90	0.10105933627734581	BoTorch
lpi	ros	91	0.105886973037074	BoTorch
lpi	ros	92	0.10994191837186615	BoTorch
lpi	ros	93	0.10553127139185865	BoTorch
lpi	ros	94	0.10804364622260133	BoTorch
lpi	ros	95	0.10726966047659517	BoTorch
lpi	ros	96	0.09504321509351334	BoTorch
lpi	ros	97	0.10067807038625082	BoTorch
lpi	ros	98	0.11548077914242943	BoTorch
lpi	ros	99	0.10387959020833175	BoTorch
random	h6	0	0.041916864334295194	BoTorch
random	h6	1	0.042068464184800786	BoTorch
random	h6	2	0.042286571487784384	BoTorch
random	h6	3	0.043352351803332564	BoTorch
random	h6	4	0.0539798275878032	BoTorch
random	h6	5	0.04651169211914142	BoTorch
random	h6	6	0.04325364045798778	BoTorch
random	h6	7	0.04197461378450195	BoTorch
random	h6	8	0.04479481413339575	BoTorch
random	h6	9	0.04277300440395872	BoTorch
random	h6	10	0.04555021744842331	BoTorch
random	h6	11	0.04681368116289377	BoTorch
random	h6	12	0.041559137279788654	BoTorch
random	h6	13	0.04276517750695348	BoTorch
random	h6	14	0.043687161648025115	BoTorch
random	h6	15	0.0463769077633818	BoTorch
random	h6	16	0.04815576057881117	BoTorch
random	h6	17	0.04625752338518699	BoTorch
random	h6	18	0.042844687184939785	BoTorch
random	h6	19	0.04424222754314542	BoTorch
random	h6	20	0.046113601451118785	BoTorch
random	h6	21	0.04433012278750539	BoTorch
random	h6	22	0.04872242249548435	BoTorch
random	h6	23	0.041369529844572143	BoTorch
random	h6	24	0.0461267152801156	BoTorch
random	h6	25	0.04307034431646268	BoTorch
random	h6	26	0.04507781332358718	BoTorch
random	h6	27	0.042136415063093104	BoTorch
random	h6	28	0.04575643778468172	BoTorch
random	h6	29	0.04808998871594668	BoTorch
random	h6	30	0.0455499194872876	BoTorch
random	h6	31	0.04656515096624692	BoTorch
random	h6	32	0.042833442737658815	BoTorch
random	h6	33	0.04399579257393877	BoTorch
random	h6	34	0.04290032973513007	BoTorch
random	h6	35	0.04343691794201732	BoTorch
random	h6	36	0.044893311243504284	BoTorch
random	h6	37	0.046748281766970955	BoTorch
random	h6	38	0.04517251579090953	BoTorch
random	h6	39	0.042628121003508566	BoTorch
random	h6	40	0.04369014383604129	BoTorch
random	h6	41	0.04540939647704363	BoTorch
random	h6	42	0.045581543600807586	BoTorch
random	h6	43	0.04293263362099727	BoTorch
random	h6	44	0.044718880330522855	BoTorch
random	h6	45	0.045847499184310435	BoTorch
random	h6	46	0.047991966487218936	BoTorch
random	h6	47	0.04354674573987723	BoTorch
random	h6	48	0.04472287061313788	BoTorch
random	h6	49	0.05359668526798487	BoTorch
random	h6	50	0.04254145960633953	BoTorch
random	h6	51	0.04423352768644691	BoTorch
random	h6	52	0.048828010881940526	BoTorch
random	h6	53	0.04491635657226046	BoTorch
random	h6	54	0.04448052135606607	BoTorch
random	h6	55	0.041141775095214446	BoTorch
random	h6	56	0.04317533674960335	BoTorch
random	h6	57	0.045831868704408404	BoTorch
random	h6	58	0.041041587758809325	BoTorch
random	h6	59	0.03966557014112671	BoTorch
random	h6	60	0.045445308865358434	BoTorch
random	h6	61	0.04102636001383265	BoTorch
random	h6	62	0.040956523393591245	BoTorch
random	h6	63	0.04143246384337544	BoTorch
random	h6	64	0.042756645226230225	BoTorch
random	h6	65	0.043306840925167005	BoTorch
random	h6	66	0.044683794397860764	BoTorch
random	h6	67	0.046720917957524456	BoTorch
random	h6	68	0.040868730563670394	BoTorch
random	h6	69	0.0452192535623908	BoTorch
random	h6	70	0.044034049349526566	BoTorch
random	h6	71	0.04781894168506066	BoTorch
random	h6	72	0.04509580442681908	BoTorch
random	h6	73	0.043107711772123976	BoTorch
random	h6	74	0.04230961911380291	BoTorch
random	h6	75	0.04625218287110329	BoTorch
random	h6	76	0.040275033097714186	BoTorch
random	h6	77	0.04426847156137228	BoTorch
random	h6	78	0.043651675277700024	BoTorch
random	h6	79	0.04488885073612134	BoTorch
random	h6	80	0.04313086417193214	BoTorch
random	h6	81	0.04916894345854719	BoTorch
random	h6	82	0.048884475231170656	BoTorch
random	h6	83	0.04814333117877444	BoTorch
random	h6	84	0.040378433155516785	BoTorch
random	h6	85	0.04562336920450131	BoTorch
random	h6	86	0.042882450359563035	BoTorch
random	h6	87	0.04953531452144186	BoTorch
random	h6	88	0.043402940159042676	BoTorch
random	h6	89	0.04275779062882066	BoTorch
random	h6	90	0.044365266958872475	BoTorch
random	h6	91	0.04829025628666083	BoTorch
random	h6	92	0.048095785547047853	BoTorch
random	h6	93	0.04797233638043205	BoTorch
random	h6	94	0.05152628698075811	BoTorch
random	h6	95	0.04643373529737194	BoTorch
random	h6	96	0.04594497432311376	BoTorch
random	h6	97	0.04486739315713446	BoTorch
random	h6	98	0.044659459373603265	BoTorch
random	h6	99	0.041821656717608374	BoTorch
random	gp	0	0.05926075981309017	BoTorch
random	gp	1	0.053267567542692025	BoTorch
random	gp	2	0.053141254900644225	BoTorch
random	gp	3	0.05631949193775654	BoTorch
random	gp	4	0.05266415051495035	BoTorch
random	gp	5	0.05405855032925804	BoTorch
random	gp	6	0.04808454345911741	BoTorch
random	gp	7	0.05166060340901216	BoTorch
random	gp	8	0.054590019211173055	BoTorch
random	gp	9	0.06194386404628555	BoTorch
random	gp	10	0.058843802722791834	BoTorch
random	gp	11	0.05416015308971207	BoTorch
random	gp	12	0.05236016393949588	BoTorch
random	gp	13	0.050373821953932446	BoTorch
random	gp	14	0.05405539348721504	BoTorch
random	gp	15	0.052940454240888356	BoTorch
random	gp	16	0.05562874535098672	BoTorch
random	gp	17	0.056703244180728994	BoTorch
random	gp	18	0.05112229470784466	BoTorch
random	gp	19	0.059908249073972304	BoTorch
random	gp	20	0.05983700395251314	BoTorch
random	gp	21	0.06012073646609982	BoTorch
random	gp	22	0.05440899757668376	BoTorch
random	gp	23	0.058103319816291334	BoTorch
random	gp	24	0.06089507381742199	BoTorch
random	gp	25	0.05787961352616548	BoTorch
random	gp	26	0.05684294536088904	BoTorch
random	gp	27	0.059219769978274904	BoTorch
random	gp	28	0.05711551029235125	BoTorch
random	gp	29	0.05420491204907497	BoTorch
random	gp	30	0.05684085947771867	BoTorch
random	gp	31	0.05364384207253655	BoTorch
random	gp	32	0.0527738199258844	BoTorch
random	gp	33	0.054608720385779935	BoTorch
random	gp	34	0.05848724668224652	BoTorch
random	gp	35	0.06093682028974096	BoTorch
random	gp	36	0.05376990558579564	BoTorch
random	gp	37	0.0560117759120961	BoTorch
random	gp	38	0.05719102968772252	BoTorch
random	gp	39	0.05820851471895973	BoTorch
random	gp	40	0.05474839595456918	BoTorch
random	gp	41	0.053667380940169096	BoTorch
random	gp	42	0.063316969294101	BoTorch
random	gp	43	0.05419039437547326	BoTorch
random	gp	44	0.05625309615085523	BoTorch
random	gp	45	0.05750363226979971	BoTorch
random	gp	46	0.054397254964957634	BoTorch
random	gp	47	0.05497963813443978	BoTorch
random	gp	48	0.05510548045858741	BoTorch
random	gp	49	0.05949396453797817	BoTorch
random	gp	50	0.05750153937066595	BoTorch
random	gp	51	0.04964710713053743	BoTorch
random	gp	52	0.057325185462832454	BoTorch
random	gp	53	0.05319599416106939	BoTorch
random	gp	54	0.06131642625356714	BoTorch
random	gp	55	0.05748236558089654	BoTorch
random	gp	56	0.05896895832071702	BoTorch
random	gp	57	0.05446265898644924	BoTorch
random	gp	58	0.05715871176992853	BoTorch
random	gp	59	0.0539306802675128	BoTorch
random	gp	60	0.0564686123902599	BoTorch
random	gp	61	0.05288764256983995	BoTorch
random	gp	62	0.05210511752714713	BoTorch
random	gp	63	0.05599330520878235	BoTorch
random	gp	64	0.05404403265565634	BoTorch
random	gp	65	0.05396614096437891	BoTorch
random	gp	66	0.05751436920836568	BoTorch
random	gp	67	0.06728370276590188	BoTorch
random	gp	68	0.0572664023997883	BoTorch
random	gp	69	0.05610926498969396	BoTorch
random	gp	70	0.056406414074202375	BoTorch
random	gp	71	0.055996871739625934	BoTorch
random	gp	72	0.06359762645636996	BoTorch
random	gp	73	0.05377590032294392	BoTorch
random	gp	74	0.05468452842906117	BoTorch
random	gp	75	0.058193168292442955	BoTorch
random	gp	76	0.05714916912838817	BoTorch
random	gp	77	0.05404548303534587	BoTorch
random	gp	78	0.05486436278248827	BoTorch
random	gp	79	0.05458161728456616	BoTorch
random	gp	80	0.05738632685194413	BoTorch
random	gp	81	0.05777459082504113	BoTorch
random	gp	82	0.05346612858896454	BoTorch
random	gp	83	0.05088525572791695	BoTorch
random	gp	84	0.05153833460062742	BoTorch
random	gp	85	0.051976062512646116	BoTorch
random	gp	86	0.05600553207720319	BoTorch
random	gp	87	0.061999085204054914	BoTorch
random	gp	88	0.05310434146473805	BoTorch
random	gp	89	0.058486704248934984	BoTorch
random	gp	90	0.05789088122546673	BoTorch
random	gp	91	0.057869037209699555	BoTorch
random	gp	92	0.060291749859849614	BoTorch
random	gp	93	0.056766897533088924	BoTorch
random	gp	94	0.05433164372419318	BoTorch
random	gp	95	0.0537738796013097	BoTorch
random	gp	96	0.050757392620046936	BoTorch
random	gp	97	0.05554179993147652	BoTorch
random	gp	98	0.05342620968197783	BoTorch
random	gp	99	0.05152673398454984	BoTorch
random	ros	0	0.05336704012006521	BoTorch
random	ros	1	0.048969313781708476	BoTorch
random	ros	2	0.05150218941271305	BoTorch
random	ros	3	0.05006769131869078	BoTorch
random	ros	4	0.05099297892302275	BoTorch
random	ros	5	0.04746520488212506	BoTorch
random	ros	6	0.04980390543739001	BoTorch
random	ros	7	0.047813959699124095	BoTorch
random	ros	8	0.04884678889065981	BoTorch
random	ros	9	0.049158595285067955	BoTorch
random	ros	10	0.049073149108638366	BoTorch
random	ros	11	0.04976305067539215	BoTorch
random	ros	12	0.053703467920422555	BoTorch
random	ros	13	0.04932635404790441	BoTorch
random	ros	14	0.05042394706979394	BoTorch
random	ros	15	0.05143728122736017	BoTorch
random	ros	16	0.04781366866081953	BoTorch
random	ros	17	0.04845715134094159	BoTorch
random	ros	18	0.04909323081374169	BoTorch
random	ros	19	0.0480497973660628	BoTorch
random	ros	20	0.04517673188820481	BoTorch
random	ros	21	0.04889449048787355	BoTorch
random	ros	22	0.05119550932819645	BoTorch
random	ros	23	0.05092140793179472	BoTorch
random	ros	24	0.05032358045379321	BoTorch
random	ros	25	0.05027895423894127	BoTorch
random	ros	26	0.05093933849905928	BoTorch
random	ros	27	0.05110672479495406	BoTorch
random	ros	28	0.05067485887557268	BoTorch
random	ros	29	0.04942151742676894	BoTorch
random	ros	30	0.047780826967209575	BoTorch
random	ros	31	0.048613742490609485	BoTorch
random	ros	32	0.053908214624971154	BoTorch
random	ros	33	0.04856670200824738	BoTorch
random	ros	34	0.051000116703410946	BoTorch
random	ros	35	0.0502142369436721	BoTorch
random	ros	36	0.04909344504897793	BoTorch
random	ros	37	0.049744540359824896	BoTorch
random	ros	38	0.04974535747120778	BoTorch
random	ros	39	0.0515539627832671	BoTorch
random	ros	40	0.04923399357746045	BoTorch
random	ros	41	0.04967764873678485	BoTorch
random	ros	42	0.04953675093129277	BoTorch
random	ros	43	0.04914870811626315	BoTorch
random	ros	44	0.048891270781556764	BoTorch
random	ros	45	0.0487537020817399	BoTorch
random	ros	46	0.051400167588144544	BoTorch
random	ros	47	0.04989378654087583	BoTorch
random	ros	48	0.04595846300944686	BoTorch
random	ros	49	0.045787128371496996	BoTorch
random	ros	50	0.04661327628418803	BoTorch
random	ros	51	0.05074120806530118	BoTorch
random	ros	52	0.044539674557745455	BoTorch
random	ros	53	0.0489957580032448	BoTorch
random	ros	54	0.04860379475479325	BoTorch
random	ros	55	0.04879880559941133	BoTorch
random	ros	56	0.05205807248130441	BoTorch
random	ros	57	0.04641694311673442	BoTorch
random	ros	58	0.0471329303458333	BoTorch
random	ros	59	0.05073081571608782	BoTorch
random	ros	60	0.04702955360213915	BoTorch
random	ros	61	0.04620871829489867	BoTorch
random	ros	62	0.04954797908042868	BoTorch
random	ros	63	0.04919484987234076	BoTorch
random	ros	64	0.051569141602764525	BoTorch
random	ros	65	0.04945258516818285	BoTorch
random	ros	66	0.050128606924166284	BoTorch
random	ros	67	0.049186438663552205	BoTorch
random	ros	68	0.051497489058723055	BoTorch
random	ros	69	0.04761777315288782	BoTorch
random	ros	70	0.051142774522304535	BoTorch
random	ros	71	0.050399893739571176	BoTorch
random	ros	72	0.05148180971542994	BoTorch
random	ros	73	0.05042057375734051	BoTorch
random	ros	74	0.055716403170178334	BoTorch
random	ros	75	0.04691621512174606	BoTorch
random	ros	76	0.05499227475374937	BoTorch
random	ros	77	0.049135086685419084	BoTorch
random	ros	78	0.049508199809739986	BoTorch
random	ros	79	0.05026542597139875	BoTorch
random	ros	80	0.05100728009516994	BoTorch
random	ros	81	0.05175249588986238	BoTorch
random	ros	82	0.05154812171434363	BoTorch
random	ros	83	0.04711991191531221	BoTorch
random	ros	84	0.04807542913282911	BoTorch
random	ros	85	0.0526414241331319	BoTorch
random	ros	86	0.05267029649888476	BoTorch
random	ros	87	0.04891167841851711	BoTorch
random	ros	88	0.050291837627689046	BoTorch
random	ros	89	0.05325103144471844	BoTorch
random	ros	90	0.0482061161659658	BoTorch
random	ros	91	0.053713711289068065	BoTorch
random	ros	92	0.050742847037812074	BoTorch
random	ros	93	0.048377113230526445	BoTorch
random	ros	94	0.052063708659261465	BoTorch
random	ros	95	0.0492612293921411	BoTorch
random	ros	96	0.04833245435729623	BoTorch
random	ros	97	0.05089771775528788	BoTorch
random	ros	98	0.050160622131079434	BoTorch
random	ros	99	0.05421361892173688	BoTorch
